time/total_timesteps,time/time_elapsed,time/fps,time/iterations,rollout/ep_len_mean,rollout/ep_rew_mean,train/approx_kl,train/entropy_loss,train/loss,train/clip_range,train/clip_fraction,train/n_updates,train/learning_rate,train/policy_gradient_loss,train/explained_variance,train/value_loss
2048,0,2873,1,25.658227848101266,25.658227848101266,,,,,,,,,,
4096,1,2279,2,29.94,29.94,0.007937554,-0.6861534619703888,9.418014526367188,0.2,0.0962890625,10,0.0003,-0.015893689582298975,-0.002147078514099121,62.65411128401756
6144,2,2147,3,38.08,38.08,0.00835187,-0.6695749824866652,16.50503158569336,0.2,0.047216796875,20,0.0003,-0.01376315061643254,0.02873629331588745,42.20070811510086
8192,4,2014,4,48.07,48.07,0.009411298,-0.6365076126530766,19.9884090423584,0.2,0.09619140625,30,0.0003,-0.020103348986594938,0.24043327569961548,55.95240314006806
10240,5,1921,5,64.03,64.03,0.008578448,-0.6134070323780179,22.366622924804688,0.2,0.063916015625,40,0.0003,-0.013915106924832799,0.27466094493865967,60.64844489693642
12288,6,1856,6,79.84,79.84,0.0073352465,-0.5978608950972557,19.769630432128906,0.2,0.05595703125,50,0.0003,-0.01159398648305796,0.47958219051361084,61.525688987970355
14336,7,1802,7,96.76,96.76,0.0057681934,-0.5725847134366632,30.229148864746094,0.2,0.0349609375,60,0.0003,-0.008012675130157732,0.4725443124771118,65.74753414392471
16384,9,1760,8,114.03,114.03,0.010867927,-0.5705777905881405,10.666980743408203,0.2,0.13076171875,70,0.0003,-0.010717036640562583,0.805853009223938,33.75315031856299
18432,10,1723,9,127.63,127.63,0.0044967346,-0.5727981563657523,2.974968910217285,0.2,0.017333984375,80,0.0003,-0.0018588735052617266,0.9115698337554932,20.198408918827774
20480,12,1688,10,146.91,146.91,0.008902182,-0.5543361682444811,3.686342477798462,0.2,0.0888671875,90,0.0003,-0.01037068173609441,0.8860416412353516,24.335979380458593
22528,13,1655,11,165.7,165.7,0.0065739513,-0.5658008327707649,0.8026820421218872,0.2,0.087451171875,100,0.0003,-0.01065857887151651,0.9695816040039062,9.43191253580153
24576,15,1624,12,181.31,181.31,0.008681882,-0.5524293376132846,26.026031494140625,0.2,0.08369140625,110,0.0003,-0.012667649569630157,0.8280407190322876,32.96640570759773
26624,16,1595,13,199.53,199.53,0.0028095592,-0.5766455264762044,0.8848816156387329,0.2,0.038330078125,120,0.0003,-0.005111291966750286,0.7732590436935425,9.376796178799122
28672,18,1567,14,216.52,216.52,0.002698978,-0.5452237150631845,15.781405448913574,0.2,0.018701171875,130,0.0003,-0.004397845307539683,0.035577237606048584,74.02701847106218
30720,19,1539,15,231.98,231.98,0.0057994276,-0.5406863711774349,0.17094558477401733,0.2,0.0521484375,140,0.0003,-0.0013284115273563657,0.6282737255096436,2.282601764658466
32768,21,1513,16,248.68,248.68,0.0036339522,-0.5089772761799395,0.03482605516910553,0.2,0.03056640625,150,0.0003,-0.0001661122492805589,0.14832806587219238,1.1610425299673808
34816,23,1489,17,266.22,266.22,0.007401823,-0.5216755622066558,0.05377957969903946,0.2,0.06923828125,160,0.0003,-0.006795312130998354,0.8780977129936218,0.7587524826230947
36864,25,1465,18,282.66,282.66,0.007898183,-0.4924999989569187,0.014986542984843254,0.2,0.055859375,170,0.0003,-0.002392873053031508,-0.13205933570861816,0.4743965795947588
38912,26,1442,19,302.86,302.86,0.0021501384,-0.48106697397306564,0.021158818155527115,0.2,0.020703125,180,0.0003,-0.0017318159771093633,0.02477210760116577,0.29924587987334234
40960,28,1421,20,316.53,316.53,0.003890747,-0.5084725833497942,0.0307045616209507,0.2,0.037841796875,190,0.0003,-0.0027574378123972564,0.015795230865478516,0.18974406132037985
43008,30,1400,21,332.03,332.03,0.0036192136,-0.4792630317620933,0.02646818198263645,0.2,0.0294921875,200,0.0003,-0.0019535764353349806,0.021730780601501465,0.12124756130797323
45056,32,1377,22,348.21,348.21,0.0014690647,-0.4909310571849346,0.013324383646249771,0.2,0.006884765625,210,0.0003,0.00012918910506414248,-0.005491852760314941,0.07323255150658951
47104,34,1357,23,362.78,362.78,0.0025166064,-0.4574259836226702,0.020288733765482903,0.2,0.01875,220,0.0003,-0.0014776760159293189,-0.003206610679626465,0.04669999089892372
49152,36,1338,24,376.34,376.34,0.0049098795,-0.4495758170261979,-0.0064519792795181274,0.2,0.027392578125,230,0.0003,-0.0005541632024687714,-0.01768481731414795,0.030776348597100878
51200,38,1317,25,389.24,389.24,0.0061585275,-0.46148669430986045,-0.023520244285464287,0.2,0.05498046875,240,0.0003,-0.0024892325600376353,0.02282494306564331,0.018912824257131432
53248,41,1298,26,402.71,402.71,0.0017507767,-0.45107212029397487,-0.0013341461308300495,0.2,0.005224609375,250,0.0003,0.00023841381480451673,-0.012634873390197754,0.012585501473586192
55296,43,1279,27,409.93,409.93,0.002760853,-0.4471551333554089,-0.020998958498239517,0.2,0.01708984375,260,0.0003,-0.0019914778851671143,0.05382740497589111,0.007950794965563546
57344,45,1259,28,420.8,420.8,0.0030335814,-0.4441605635918677,-0.004077482037246227,0.2,0.027001953125,270,0.0003,-0.0009171208170300815,-0.026285767555236816,0.005355057942233543
59392,47,1241,29,434.64,434.64,0.0018424195,-0.4276028127409518,0.009822188876569271,0.2,0.01123046875,280,0.0003,-0.00025492825225228446,0.03001868724822998,0.003512056756471793
61440,50,1224,30,447.05,447.05,0.0036742676,-0.4370282982476056,0.031867772340774536,0.2,0.029541015625,290,0.0003,-0.0019252035810495727,-0.0006660223007202148,0.0025118856376593612
63488,52,1206,31,460.47,460.47,0.0023942913,-0.46192426020279526,-0.0005246626096777618,0.2,0.029931640625,300,0.0003,-0.0009922632496454753,-0.07334339618682861,0.0016119317191055416
65536,55,1190,32,472.3,472.3,0.003319404,-0.4614735499024391,0.0025232487823814154,0.2,0.0501953125,310,0.0003,-0.0057143107529554985,0.05760014057159424,0.001152523893574653
67584,57,1174,33,479.38,479.38,0.0033099127,-0.45797943165525795,-0.015996525064110756,0.2,0.057568359375,320,0.0003,-0.0025533973035635426,-0.02961266040802002,0.0007961062399658658
69632,60,1158,34,487.44,487.44,0.005047568,-0.4568369715474546,-0.0008202461176551878,0.2,0.022021484375,330,0.0003,-0.00026230914372717964,-0.06582129001617432,0.0005394980920982561
71680,62,1142,35,493.65,493.65,0.0023678318,-0.42428353866562246,-0.0025519556365907192,0.2,0.024169921875,340,0.0003,-0.0018998185085365548,0.012458205223083496,0.00039817970657054504
73728,65,1128,36,495.11,495.11,0.00559142,-0.42917966227978466,-0.010940944775938988,0.2,0.0705078125,350,0.0003,-0.0035852832457749172,0.03612256050109863,0.0002702644773023621
75776,68,1113,37,497.49,497.49,0.012511204,-0.4396446006372571,0.013875245116651058,0.2,0.148828125,360,0.0003,-0.004298834744258784,0.009997189044952393,0.00018992375235029612
77824,70,1099,38,500.0,500.0,0.0064346027,-0.4230657362379134,-0.013342116959393024,0.2,0.036962890625,370,0.0003,-0.0018396017447230406,0.019775331020355225,0.00013127951780802504
79872,73,1085,39,500.0,500.0,0.0048522637,-0.40480156810954215,0.0005380522925406694,0.2,0.028125,380,0.0003,-0.0010250991879729554,-0.08185207843780518,9.320647616846145e-05
81920,76,1071,40,500.0,500.0,0.008884411,-0.3972759936004877,-0.018102480098605156,0.2,0.091064453125,390,0.0003,-0.00470116234573652,-0.132301926612854,7.122895208055979e-05
83968,79,1054,41,500.0,500.0,0.0025225724,-0.3956329542212188,0.002909488044679165,0.2,0.043603515625,400,0.0003,-0.0024566012842115017,-0.04151296615600586,5.2222465177464984e-05
86016,82,1042,42,500.0,500.0,0.0043747523,-0.36938205286860465,0.01817375421524048,0.2,0.034033203125,410,0.0003,-0.002624567211023532,-0.14633166790008545,3.55688280620825e-05
88064,85,1029,43,500.0,500.0,0.0049660173,-0.36650727968662977,-0.003183921566233039,0.2,0.051953125,420,0.0003,-0.0020160950181889346,-0.20147192478179932,2.3840224912419217e-05
90112,88,1017,44,500.0,500.0,0.0025961106,-0.3464754638262093,0.0030252132564783096,0.2,0.02060546875,430,0.0003,-0.0013390690932283179,-0.24621880054473877,2.2104721517735014e-05
92160,91,1005,45,500.0,500.0,0.0019238013,-0.3409949562512338,-0.008446047082543373,0.2,0.02568359375,440,0.0003,-0.0005213174415985122,-0.22708547115325928,1.0258530556939149e-05
94208,94,994,46,500.0,500.0,0.0040262025,-0.3393338988535106,-0.0020820782519876957,0.2,0.02744140625,450,0.0003,-0.0018881456708186306,-0.23130762577056885,8.53050890441409e-06
96256,97,983,47,500.0,500.0,0.0031105422,-0.3154216084163636,0.00044329388765618205,0.2,0.02734375,460,0.0003,-0.0015688870204030535,-0.560707688331604,5.938187049991938e-06
98304,100,973,48,500.0,500.0,0.0014387127,-0.3208758900873363,0.001526010106317699,0.2,0.0314453125,470,0.0003,-3.5680251312442127e-05,-0.5452430248260498,6.15558850540765e-06
100352,104,962,49,500.0,500.0,0.00082490715,-0.31611030860804024,-0.004848582204431295,0.2,0.028076171875,480,0.0003,-0.00022609639054280706,-0.6489599943161011,4.434074620007778e-06
102400,107,950,50,500.0,500.0,0.004324102,-0.2910627521574497,-0.013525380752980709,0.2,0.02236328125,490,0.0003,-0.0015715673187514767,-0.8038852214813232,4.859548104718669e-06
104448,111,937,51,500.0,500.0,0.005122772,-0.28937425022013485,-0.0038612824864685535,0.2,0.03271484375,500,0.0003,-0.000333408938604407,-0.9707667827606201,3.1407477564471265e-06
106496,115,925,52,500.0,500.0,0.002875493,-0.29266753513365984,-0.015241706743836403,0.2,0.0142578125,510,0.0003,-0.0010177905904129147,-1.1511187553405762,6.4226418459156775e-06
108544,118,913,53,500.0,500.0,0.0039802487,-0.28247814839705826,-0.002636340446770191,0.2,0.036376953125,520,0.0003,-0.0015721035226306413,-1.405060052871704,1.5509800135760087e-06
110592,122,902,54,500.0,500.0,0.0033522872,-0.28323071892373264,0.0005051552434451878,0.2,0.037890625,530,0.0003,0.00023052361648296938,-1.9588899612426758,3.702473281919083e-06
112640,126,891,55,500.0,500.0,0.0016412863,-0.26863713120110333,0.0008929474279284477,0.2,0.011279296875,540,0.0003,-0.0007498944207327441,-3.3494668006896973,1.464681332663531e-06
114688,130,880,56,500.0,500.0,0.002517159,-0.2627803192473948,-0.0023703572805970907,0.2,0.018408203125,550,0.0003,-0.0008240752213168889,-2.617108106613159,1.7425749206267937e-06
116736,134,870,57,500.0,500.0,0.003523226,-0.2775299326982349,-0.008754328824579716,0.2,0.045849609375,560,0.0003,-0.0017010615178151057,-3.995400905609131,2.781602029244823e-06
118784,138,860,58,500.0,500.0,0.0036534055,-0.27163035566918553,-0.010490769520401955,0.2,0.027392578125,570,0.0003,-0.001890613848809153,-4.764060974121094,1.535452531413739e-05
120832,142,850,59,500.0,500.0,0.0013508579,-0.25892397509887816,0.00277087464928627,0.2,0.006201171875,580,0.0003,-8.413621253566816e-05,-2.2041029930114746,1.2210200310391884e-06
122880,146,841,60,500.0,500.0,0.0006355719,-0.24032956627197563,0.001792239723727107,0.2,0.010009765625,590,0.0003,-0.00036629928872571326,-2.5456113815307617,1.2837171993851371e-06
124928,150,832,61,500.0,500.0,0.0018739561,-0.2420954022090882,-0.0025105876848101616,0.2,0.023095703125,600,0.0003,-0.001030470067053102,-2.5992043018341064,1.5321713459570673e-05
126976,154,823,62,500.0,500.0,0.0032237428,-0.2526464156806469,-0.011666843667626381,0.2,0.02666015625,610,0.0003,-0.0015388564715976827,-1.8904428482055664,1.2563730194870003e-06
129024,158,814,63,500.0,500.0,0.0030263555,-0.25437294649891556,-0.0007607027655467391,0.2,0.0203125,620,0.0003,0.0005051616826676764,-4.1594953536987305,8.800234610362167e-07
131072,162,805,64,500.0,500.0,0.001704232,-0.2592425528448075,0.0050451019778847694,0.2,0.0169921875,630,0.0003,-0.0008036712832108605,-4.9715094566345215,2.111665363599968e-05
133120,166,797,65,500.0,500.0,0.004079121,-0.24503897940739988,-0.0016280215932056308,0.2,0.03486328125,640,0.0003,-0.0026642705721314996,-2.7552123069763184,6.768264910306244e-07
135168,171,789,66,500.0,500.0,0.005445117,-0.26240841173566876,-0.01109947171062231,0.2,0.042041015625,650,0.0003,-0.0013765560957835986,-5.978084087371826,4.487363526095578e-07
137216,175,780,67,500.0,500.0,0.0069528967,-0.2574363050982356,-0.0071706450544297695,0.2,0.0732421875,660,0.0003,-0.004451123152102809,-2.7508628368377686,1.5454792730906774e-06
139264,180,773,68,500.0,500.0,0.0034143634,-0.2565259973984212,-0.008236592635512352,0.2,0.027294921875,670,0.0003,-0.000650508906255709,-5.697333335876465,5.286572559271008e-07
141312,184,764,69,500.0,500.0,0.002907765,-0.2312038261909038,-0.012615923769772053,0.2,0.018701171875,680,0.0003,-0.002182094544696156,-2.3388943672180176,6.892665737723292e-07
143360,189,756,70,500.0,500.0,0.0022898559,-0.24259415632113815,-0.0027207634411752224,0.2,0.0123046875,690,0.0003,-0.0009137586952419951,-2.3539767265319824,6.364086425492133e-06
145408,194,748,71,500.0,500.0,0.003073962,-0.2710283427499235,-0.003962825518101454,0.2,0.04482421875,700,0.0003,-0.0013362697995034979,-4.524051189422607,4.3224358705629127e-07
147456,199,740,72,500.0,500.0,0.0016381976,-0.26510254591703414,-0.002434978960081935,0.2,0.01796875,710,0.0003,-0.0004215786786517128,-4.997756481170654,1.3401611300878358e-05
149504,203,732,73,500.0,500.0,0.0027659177,-0.27158754603005947,0.014825954101979733,0.2,0.022412109375,720,0.0003,-0.0003637059813627275,-5.402286529541016,1.0345663119437631e-05
151552,208,725,74,500.0,500.0,0.003174299,-0.24013368715532124,-0.0067596472799777985,0.2,0.028759765625,730,0.0003,-0.0005228471214650199,-7.127089500427246,3.60713499958365e-07
153600,214,717,75,500.0,500.0,0.006643519,-0.28326195674017074,0.018688179552555084,0.2,0.062353515625,740,0.0003,-0.0025491990309092216,-4.675753593444824,3.8605774648203807e-07
155648,219,709,76,500.0,500.0,0.0020818887,-0.2580148518551141,-0.0030532144010066986,0.2,0.016357421875,750,0.0003,-0.0008632973447674885,-6.213968276977539,5.307000634502401e-07
157696,224,701,77,500.0,500.0,0.0038313072,-0.25490785990841686,-0.003862096229568124,0.2,0.035400390625,760,0.0003,-0.0008849121615639888,-8.533584594726562,6.70626751286818e-06
159744,229,694,78,500.0,500.0,0.0015823036,-0.25501757953315973,-0.0023636973928660154,0.2,0.021240234375,770,0.0003,-0.0008147762375301682,-2.140049695968628,1.0499860556478779e-05
161792,235,688,79,500.0,500.0,0.003932068,-0.27252465593628583,0.0018985125934705138,0.2,0.020458984375,780,0.0003,-0.000368069218529854,-5.763467311859131,6.476511657638185e-07
163840,240,682,80,500.0,500.0,0.0028068023,-0.2554747400805354,-0.015403426252305508,0.2,0.031201171875,790,0.0003,-0.0011941154400119558,-2.784287452697754,5.082192217287229e-07
165888,245,675,81,500.0,500.0,0.001004599,-0.26305556651204826,0.0003760530089493841,0.2,0.030908203125,800,0.0003,7.672993815504015e-05,-5.2497878074646,1.380608783279058e-05
167936,250,669,82,500.0,500.0,0.005726851,-0.2814030601643026,0.0032451057340949774,0.2,0.045556640625,810,0.0003,-0.0030370294873137025,-8.098211288452148,2.8513457550616295e-07
169984,256,663,83,500.0,500.0,0.0043216473,-0.28141044890508055,0.016151582822203636,0.2,0.06005859375,820,0.0003,-0.0009090702355024405,-2.5331714153289795,8.370162490223265e-06
172032,261,657,84,500.0,500.0,0.003224539,-0.27850236580707133,0.002419531112536788,0.2,0.02236328125,830,0.0003,-0.0018623003517859616,-2.8560688495635986,9.090872708839015e-07
174080,266,652,85,500.0,500.0,0.0015888854,-0.26356911221519114,0.008494439534842968,0.2,0.013037109375,840,0.0003,2.0799200137844308e-05,-3.619251251220703,3.933918407028614e-07
176128,272,646,86,500.0,500.0,0.0024777765,-0.27126190033741293,0.0015078794676810503,0.2,0.014501953125,850,0.0003,3.543142665876076e-05,-7.210020065307617,1.026077032406647e-06
178176,278,640,87,500.0,500.0,0.003563441,-0.266210830071941,0.00636038463562727,0.2,0.021826171875,860,0.0003,-0.0011086771031841637,-5.80961275100708,2.975434632901397e-05
180224,283,635,88,500.0,500.0,0.0029256376,-0.26364056980237366,-0.005747577641159296,0.2,0.03466796875,870,0.0003,-0.0025398453042726034,-5.303174018859863,3.359023338589395e-07
182272,289,630,89,500.0,500.0,0.0026119547,-0.25695398626849053,-0.004675219766795635,0.2,0.0177734375,880,0.0003,-4.340187006164342e-05,-10.14793872833252,2.5023483090080846e-07
184320,294,624,90,500.0,500.0,0.0016636763,-0.2525922283064574,-0.002063889056444168,0.2,0.011474609375,890,0.0003,0.0010269169772072928,-5.918217658996582,2.844021310011158e-07
186368,300,619,91,500.0,500.0,0.0044765826,-0.26932456172071395,0.004726398270577192,0.2,0.031494140625,900,0.0003,7.420357724186033e-05,-9.325108528137207,2.8815720440888983e-07
188416,306,614,92,500.0,500.0,0.0014841877,-0.25158870350569484,-0.00207874015904963,0.2,0.011865234375,910,0.0003,-0.0001404163813276682,-6.636460781097412,3.690147983093084e-05
190464,312,609,93,500.0,500.0,0.005200502,-0.26043722466565666,-0.0010756882838904858,0.2,0.05791015625,920,0.0003,-0.0032671158318407834,-11.425210952758789,1.973784691244873e-07
192512,318,604,94,500.0,500.0,0.0014317401,-0.2514381500892341,0.0062791514210402966,0.2,0.012890625,930,0.0003,-0.0002291817290824838,-6.491806983947754,2.477880201467997e-07
194560,324,599,95,500.0,500.0,0.0035763874,-0.2549753872212023,-0.004661073908209801,0.2,0.03173828125,940,0.0003,-0.0005228856913163327,-8.764546394348145,2.8310190032243553e-07
196608,330,595,96,500.0,500.0,0.0015138129,-0.24240133897401392,-0.006941735278815031,0.2,0.019384765625,950,0.0003,-0.0002243998518679291,-5.707154750823975,5.455561165490507e-07
198656,336,590,97,500.0,500.0,0.0012721401,-0.25386514808051286,-0.002352137118577957,0.2,0.01142578125,960,0.0003,0.0001411262244801037,-6.9902191162109375,7.058430895767742e-07
200704,342,586,98,500.0,500.0,0.0026070047,-0.2513069807551801,0.011544764041900635,0.2,0.01591796875,970,0.0003,-9.823765722103417e-05,-5.873027324676514,0.0002001513045200909
202752,348,580,99,500.0,500.0,0.0019057115,-0.2457984069362283,-0.002483564894646406,0.2,0.01484375,980,0.0003,-0.00032437814479635563,-1.9148690700531006,1.596659345182161e-06
204800,355,575,100,500.0,500.0,0.0044202106,-0.26000346913933753,0.012907425872981548,0.2,0.039013671875,990,0.0003,-0.0006498148024547846,-3.4192185401916504,1.6879399993285916e-07
206848,362,570,101,500.0,500.0,0.0019372128,-0.2528678179252893,-8.332557626999915e-05,0.2,0.018798828125,1000,0.0003,-0.0001336361325229518,-2.7156901359558105,1.684672554347344e-07
208896,369,564,102,500.0,500.0,0.00621567,-0.25831276667304337,-0.014327515847980976,0.2,0.046337890625,1010,0.0003,-0.0007908414867415558,-4.549216270446777,1.2642081514968595e-07
210944,376,559,103,500.0,500.0,0.0020980383,-0.2650767341721803,-0.014753423631191254,0.2,0.022509765625,1020,0.0003,-0.0006671654002275318,-5.689222812652588,1.576887200371857e-07
212992,383,554,104,500.0,500.0,0.0043101003,-0.24180211806669832,-0.0005896994844079018,0.2,0.02626953125,1030,0.0003,-0.0006700655867462046,-3.653768539428711,4.5692168839650547e-07
215040,390,550,105,500.0,500.0,0.0032092207,-0.2675350126810372,0.0012343779671937227,0.2,0.028662109375,1040,0.0003,-0.0020091655547730624,-3.8145008087158203,1.6925070269735443e-07
217088,398,545,106,500.0,500.0,0.0029062033,-0.2572285061702132,0.006818893365561962,0.2,0.01455078125,1050,0.0003,-0.000371575252211187,-5.214775562286377,1.8747956573861301e-07
219136,405,540,107,500.0,500.0,0.0018297532,-0.2465194207150489,0.00031783769372850657,0.2,0.0212890625,1060,0.0003,-0.0009076451839064248,-4.157036304473877,2.0732178313664916e-06
221184,412,536,108,500.0,500.0,0.0017723965,-0.24900993085466325,-0.0009541235049255192,0.2,0.01923828125,1070,0.0003,-0.00026658127317205074,-6.524864196777344,5.001593737574694e-06
223232,419,532,109,500.0,500.0,0.0022513778,-0.23079854846000672,-0.009067184291779995,0.2,0.028369140625,1080,0.0003,-0.001831478570238687,-9.159071922302246,3.464760936822131e-07
225280,426,527,110,500.0,500.0,0.0022828877,-0.23830483364872634,0.004967012908309698,0.2,0.018115234375,1090,0.0003,-0.0007358054994256235,-8.801410675048828,6.576308319949931e-06
227328,434,523,111,500.0,500.0,0.0011829995,-0.22664140146225692,0.005826262291520834,0.2,0.013232421875,1100,0.0003,0.0003163388886605389,-5.584055423736572,2.0307424222210103e-07
229376,441,519,112,500.0,500.0,0.0012830804,-0.25963149885646997,-0.0034528737887740135,0.2,0.024365234375,1110,0.0003,0.00016227680316660553,-6.007758140563965,1.493492641202465e-06
231424,448,515,113,500.0,500.0,0.004568481,-0.2774882257916033,-0.0008904170827008784,0.2,0.0416015625,1120,0.0003,-0.00037407547351904215,-9.728971481323242,4.0217064022840535e-05
233472,456,511,114,500.0,500.0,0.0028757364,-0.2434033380821347,0.0018365585710853338,0.2,0.020361328125,1130,0.0003,-0.0006075749559386167,-6.429103851318359,1.7333615005554747e-07
235520,463,507,115,500.0,500.0,0.0011342131,-0.2716248041950166,-0.012213817797601223,0.2,0.020166015625,1140,0.0003,1.0120890510734171e-05,-9.700272560119629,1.8079276742355432e-07
237568,471,504,116,500.0,500.0,0.0026051856,-0.2639763794839382,0.002932847011834383,0.2,0.0298828125,1150,0.0003,-0.0009482606401434168,-13.178947448730469,6.786423085713977e-07
239616,478,500,117,500.0,500.0,0.0022569392,-0.24200029377825558,0.001326217781752348,0.2,0.017041015625,1160,0.0003,-0.0010995219054166228,-11.896784782409668,2.5662824037908648e-05
241664,487,496,118,500.0,500.0,0.00060469424,-0.2654162097722292,-0.005990051664412022,0.2,0.0208984375,1170,0.0003,-0.00032781090994831174,-12.772014617919922,1.136887703978573e-07
243712,494,492,119,500.0,500.0,0.0019575942,-0.2528733494691551,-0.001128999050706625,0.2,0.0232421875,1180,0.0003,0.0005631594933220186,-10.183323860168457,1.6875696076112945e-07
245760,502,488,120,500.0,500.0,0.0011566073,-0.25198125853203235,-6.924375338712707e-05,0.2,0.014892578125,1190,0.0003,0.0009636148723075166,-12.496743202209473,1.6479945088576642e-07
247808,510,485,121,500.0,500.0,0.0024346882,-0.26988503988832235,-0.0032145436853170395,0.2,0.0291015625,1200,0.0003,0.00011115170054836199,-15.509841918945312,0.00010823914212494401
249856,518,481,122,500.0,500.0,0.009705298,-0.27764083901420233,0.011447655037045479,0.2,0.08916015625,1210,0.0003,-0.0040244736213935536,-11.225996017456055,9.171779424832494e-08
251904,526,478,123,500.0,500.0,0.0016503113,-0.265445197885856,-0.0025006746873259544,0.2,0.02978515625,1220,0.0003,-0.00020691075915237888,-7.5114545822143555,1.094702525961111e-07
253952,534,475,124,500.0,500.0,0.00084849156,-0.2702945183031261,0.004154806956648827,0.2,0.01611328125,1230,0.0003,2.975388488266617e-05,-8.370870590209961,9.576159527568962e-08
256000,542,471,125,500.0,500.0,0.0018239109,-0.26079717013053594,0.009355537593364716,0.2,0.017724609375,1240,0.0003,0.0004774952496518381,-8.068187713623047,1.5173626024989062e-06
258048,550,468,126,500.0,500.0,0.003422035,-0.2484937365632504,0.001269630971364677,0.2,0.02265625,1250,0.0003,-0.0017713476379867643,-7.798001289367676,4.0490136825610535e-07
260096,558,465,127,500.0,500.0,0.0020621924,-0.2553758549503982,0.0010437426390126348,0.2,0.016455078125,1260,0.0003,7.866173982620239e-05,-9.71960163116455,1.0285176301749744e-07
262144,566,462,128,500.0,500.0,0.0021873876,-0.24471411067061127,0.0008528928156010807,0.2,0.02021484375,1270,0.0003,-0.00119180160399992,-7.812163352966309,5.573654232193803e-06
264192,574,459,129,500.0,500.0,0.0015669204,-0.250734172668308,0.008327714167535305,0.2,0.02177734375,1280,0.0003,0.0010209493048023432,-5.928564071655273,2.804737551400649e-05
266240,582,456,130,500.0,500.0,0.0036693045,-0.25641318475827574,0.0005344676901586354,0.2,0.025,1290,0.0003,0.0010834673681529238,-4.783181190490723,1.245511487013573e-06
268288,591,453,131,500.0,500.0,0.0014237224,-0.2530085637234151,0.0045224204659461975,0.2,0.017529296875,1300,0.0003,0.0003277746152889449,-9.632856369018555,2.1559386311764684e-07
270336,599,450,132,500.0,500.0,0.002708885,-0.2413790503051132,-0.002350343856960535,0.2,0.018798828125,1310,0.0003,-0.0007833167241187766,-7.788947105407715,2.993135955193793e-05
272384,607,448,133,500.0,500.0,0.0027793995,-0.26511380784213545,-0.0016059124609455466,0.2,0.051904296875,1320,0.0003,0.00012089736992493272,-13.604146003723145,1.5943424585884713e-06
274432,616,445,134,500.0,500.0,0.0024778508,-0.24590231124311684,0.00144009361974895,0.2,0.020361328125,1330,0.0003,0.0007166952782426961,-7.141151428222656,1.1887462392223824e-07
276480,624,442,135,500.0,500.0,0.0014846169,-0.2570068980567157,-0.0031252214685082436,0.2,0.014599609375,1340,0.0003,0.00025718721735756844,-11.728446006774902,1.5901411290997203e-05
278528,633,439,136,500.0,500.0,0.005399471,-0.2642075235955417,-0.0035547816660255194,0.2,0.040478515625,1350,0.0003,-0.0014097786719503348,-2.3301618099212646,2.5908402591312552e-06
280576,641,437,137,500.0,500.0,0.0012700725,-0.2602592018898576,-0.0002911031187977642,0.2,0.014501953125,1360,0.0003,0.0002905133627791656,-3.729491710662842,2.417370069451863e-07
282624,650,434,138,500.0,500.0,0.0016067914,-0.26697078365832566,-0.008344708010554314,0.2,0.027685546875,1370,0.0003,-0.0005096389199024997,-2.977417230606079,3.6316424427695894e-07
284672,659,431,139,500.0,500.0,0.0025178953,-0.2707710847724229,-0.008186188526451588,0.2,0.02080078125,1380,0.0003,-0.00025182934405165724,-5.5291852951049805,1.4260849354741367e-07
286720,667,429,140,500.0,500.0,0.0020887991,-0.2601642358116806,-0.0015353666385635734,0.2,0.023193359375,1390,0.0003,6.594417791347951e-05,-3.0613040924072266,1.7284173830489634e-05
288768,676,426,141,500.0,500.0,0.0034225844,-0.25203563962131736,-0.002542271977290511,0.2,0.0224609375,1400,0.0003,-0.0005460744920128491,-6.837904930114746,1.2804044899894506e-07
290816,685,424,142,500.0,500.0,0.004313816,-0.2595484639052302,-0.0069115343503654,0.2,0.048828125,1410,0.0003,-0.0032852988006197847,-3.2152204513549805,7.309991588044795e-07
292864,694,421,143,500.0,500.0,0.004522492,-0.2648481547366828,0.005852438509464264,0.2,0.0611328125,1420,0.0003,-0.002783838170580566,-7.999212265014648,1.7185196838909177e-07
294912,703,419,144,500.0,500.0,0.0023166435,-0.25837300266139207,0.0006850781501270831,0.2,0.01552734375,1430,0.0003,-0.0014617697190260515,-6.05131196975708,8.57086259600237e-06
296960,712,417,145,500.0,500.0,0.0035859034,-0.2647535082418472,-0.0018619273323565722,0.2,0.034765625,1440,0.0003,-0.0009542753541609272,-5.971406936645508,1.847346169370212e-07
299008,721,414,146,500.0,500.0,0.0018923744,-0.25564025561325254,-0.004907174501568079,0.2,0.01474609375,1450,0.0003,-0.001962421418284066,-3.2818541526794434,4.065617360993201e-07
301056,730,412,147,500.0,500.0,0.0023603467,-0.23200766872614623,-0.0013101595686748624,0.2,0.024755859375,1460,0.0003,-0.0024277962438645773,-4.103816032409668,3.788066098309173e-06
303104,739,409,148,500.0,500.0,0.002005797,-0.23642919706180693,0.00025695349904708564,0.2,0.019384765625,1470,0.0003,-0.0015507174393860623,-5.751053333282471,2.7143821804997968e-05
305152,749,407,149,500.0,500.0,0.0056712674,-0.23999317386187613,-0.019095083698630333,0.2,0.059765625,1480,0.0003,-0.0025773322355234995,-6.29581356048584,3.0972794888839417e-06
307200,758,405,150,500.0,500.0,0.0009996116,-0.25513524510897695,-0.003370492020621896,0.2,0.0169921875,1490,0.0003,-0.0002820047113345936,-11.407695770263672,6.511532376407559e-07
309248,767,402,151,500.0,500.0,0.002129482,-0.26457094992510977,0.001954600913450122,0.2,0.031884765625,1500,0.0003,0.0002187827034504153,-6.229513645172119,9.409828237494367e-07
311296,777,400,152,500.0,500.0,0.0018656634,-0.24055010159499943,-0.003509863745421171,0.2,0.024609375,1510,0.0003,-0.00117817317659501,-2.7314248085021973,5.320724088164752e-06
313344,786,398,153,500.0,500.0,0.00087384565,-0.2464338188059628,0.005168677307665348,0.2,0.0158203125,1520,0.0003,0.00010440027617732994,-3.3182291984558105,2.862657149194092e-06
315392,796,396,154,500.0,500.0,0.0014053595,-0.2377153208479285,0.007666570134460926,0.2,0.0107421875,1530,0.0003,-0.0008618070482043549,-2.374511957168579,3.860690708279435e-06
317440,805,393,155,500.0,500.0,0.0017081158,-0.23325670710764826,-0.00012333143968135118,0.2,0.02060546875,1540,0.0003,-0.0005206560017541051,-3.7884397506713867,2.2464871136662623e-06
319488,815,391,156,500.0,500.0,0.0017272737,-0.2520596238784492,-0.003755668643862009,0.2,0.06767578125,1550,0.0003,-0.0003168160837958567,-6.771415710449219,2.0466616268777217e-05
321536,825,389,157,500.0,500.0,0.003213013,-0.26508607156574726,-0.001361182308755815,0.2,0.04658203125,1560,0.0003,-0.0007987951532413718,-5.008197784423828,2.2151877314513512e-05
323584,835,387,158,500.0,500.0,0.0034424975,-0.263776917848736,-0.01001999992877245,0.2,0.03173828125,1570,0.0003,-0.0016245648032054306,-3.5858311653137207,8.540539511159296e-08
325632,845,385,159,500.0,500.0,0.0013168696,-0.2544932872056961,-3.8665464671794325e-05,0.2,0.01591796875,1580,0.0003,-0.000482020118215587,-3.4039745330810547,9.345229159407609e-08
327680,854,383,160,500.0,500.0,0.005300189,-0.27788322530686854,0.0025823672767728567,0.2,0.03251953125,1590,0.0003,0.000402042519999668,-8.389019012451172,6.600596407224657e-08
329728,864,381,161,500.0,500.0,0.004513342,-0.27764652627520264,-0.008090915158390999,0.2,0.040771484375,1600,0.0003,-0.002058947029581759,-4.363351345062256,2.6211482122562303e-07
331776,875,379,162,500.0,500.0,0.0012199667,-0.2606144031044096,-0.003191133961081505,0.2,0.0142578125,1610,0.0003,-0.00019885190267814322,-2.5724246501922607,2.837525073573488e-07
333824,885,377,163,500.0,500.0,0.0013875212,-0.26375587047077714,-0.0009891620138660073,0.2,0.025537109375,1620,0.0003,-0.0021391235379269345,-5.2345757484436035,5.259255149212549e-05
335872,895,375,164,500.0,500.0,0.0018509761,-0.2552438111975789,-0.0012878305278718472,0.2,0.025927734375,1630,0.0003,-0.0003795313350565266,-8.243368148803711,1.1164885052039609e-07
337920,905,373,165,500.0,500.0,0.0038851006,-0.2589932558592409,-0.005026856437325478,0.2,0.02646484375,1640,0.0003,-0.0004208370723063126,-5.14034366607666,8.946927891884115e-08
339968,915,371,166,500.0,500.0,0.009168368,-0.27516917954199016,0.02339899353682995,0.2,0.0755859375,1650,0.0003,-0.0034905352658824995,-8.609708786010742,6.120261559772189e-08
342016,925,369,167,500.0,500.0,0.0025220977,-0.25187151310965417,-0.0022141747176647186,0.2,0.021630859375,1660,0.0003,-0.0015341876278398558,-4.921823501586914,8.995655491617071e-08
344064,935,367,168,500.0,500.0,0.0030537206,-0.2601402589585632,0.0005134833627380431,0.2,0.03466796875,1670,0.0003,-0.0027124181171529925,-4.884324550628662,5.041643589720479e-07
346112,946,365,169,500.0,500.0,0.004051163,-0.26474493159912527,-0.002757398644462228,0.2,0.051708984375,1680,0.0003,-0.0024602376885013654,-7.822320938110352,6.280744204900657e-06
348160,956,364,170,500.0,500.0,0.003914141,-0.2803710776846856,-0.007555603515356779,0.2,0.05029296875,1690,0.0003,-0.0018795838768710382,-9.764385223388672,3.595163207137375e-06
350208,966,362,171,500.0,500.0,0.0009169836,-0.2573290868662298,0.009682055562734604,0.2,0.02021484375,1700,0.0003,-0.0011427097022533416,-5.818639278411865,1.1879387784574647e-07
352256,977,360,172,500.0,500.0,0.0015760055,-0.2470453389454633,-0.008166271261870861,0.2,0.01611328125,1710,0.0003,-0.0014290092600276693,-4.544247627258301,8.566709425394947e-07
354304,987,358,173,500.0,500.0,0.0029766648,-0.24381370688788592,0.00453309528529644,0.2,0.04111328125,1720,0.0003,-0.0027438688703114167,-3.4857592582702637,1.0842568764246608e-05
356352,998,357,174,500.0,500.0,0.0011701164,-0.23246432100422681,-0.006707869935780764,0.2,0.011572265625,1730,0.0003,-0.0005914082867093384,-3.138983726501465,1.481822692994683e-07
358400,1008,355,175,500.0,500.0,0.0019253974,-0.2294232512358576,-0.006078681442886591,0.2,0.017138671875,1740,0.0003,-0.0005983520255540498,-4.469342231750488,1.0887378658708258e-05
360448,1019,353,176,500.0,500.0,0.003526554,-0.23994001438841223,-0.006189761683344841,0.2,0.032421875,1750,0.0003,-0.0018675589759368449,-6.198221683502197,4.6774316871278644e-06
362496,1029,351,177,500.0,500.0,0.0004159147,-0.24269283483736218,-0.003997755702584982,0.2,0.0125,1760,0.0003,0.00012877339322585611,-11.539459228515625,1.133877304937414e-07
364544,1040,350,178,500.0,500.0,0.0023249052,-0.23971529686823487,0.002190422499552369,0.2,0.016552734375,1770,0.0003,-0.0003585146834666375,-8.38204288482666,1.7917012655743748e-07
366592,1051,348,179,500.0,500.0,0.0012478859,-0.23984810654073954,0.012275248765945435,0.2,0.0296875,1780,0.0003,-0.0012694127683062107,-13.941557884216309,2.0733896704427934e-05
368640,1062,347,180,500.0,500.0,0.00084541657,-0.2345333573408425,0.00112508749589324,0.2,0.01640625,1790,0.0003,0.0007714482271694578,-0.2688335180282593,5.6496051740850815e-06
370688,1073,345,181,500.0,500.0,0.0040365206,-0.23387496806681157,-0.00013269799819681793,0.2,0.039453125,1800,0.0003,-0.0013534514131606557,-0.36241769790649414,4.1931163545427806e-05
372736,1084,343,182,500.0,500.0,0.002321067,-0.21655296748504044,-0.0016486255917698145,0.2,0.022314453125,1810,0.0003,0.00011409078870201483,-0.35838747024536133,2.0145370172031107e-07
374784,1095,342,183,500.0,500.0,0.0069414554,-0.25991072971373796,0.004214912187308073,0.2,0.042333984375,1820,0.0003,-0.00021866506576770917,-0.5912175178527832,1.8169749580465577e-07
376832,1106,340,184,500.0,500.0,0.0016749713,-0.23081436790525914,-0.002381265163421631,0.2,0.01298828125,1830,0.0003,-0.0005953181862423662,-0.8353582620620728,6.818745930559089e-07
378880,1117,338,185,500.0,500.0,0.0029985453,-0.2620421669445932,-0.006022930610924959,0.2,0.032470703125,1840,0.0003,-0.0007330021981033497,-0.9681220054626465,5.757335429734667e-07
380928,1128,337,186,500.0,500.0,0.0021825857,-0.23681889954023064,0.02287919633090496,0.2,0.02041015625,1850,0.0003,-0.0018808168519171887,-1.5628197193145752,2.7100098293431075e-06
382976,1140,335,187,500.0,500.0,0.00061484124,-0.24422909505665302,-0.0060633523389697075,0.2,0.02099609375,1860,0.0003,-0.00035341427428647876,-1.6144721508026123,3.627746278880295e-05
385024,1151,334,188,500.0,500.0,0.0043708133,-0.24546348508447408,-0.013189495541155338,0.2,0.04404296875,1870,0.0003,-0.0014747895183973014,-2.090272903442383,2.281335298448539e-07
387072,1162,332,189,500.0,500.0,0.0027473783,-0.23199346312321723,-0.004980599973350763,0.2,0.0197265625,1880,0.0003,-0.0005774923658464104,-3.5544514656066895,2.4804235749797953e-07
389120,1174,331,190,500.0,500.0,0.002329462,-0.2457546055316925,0.0019322022562846541,0.2,0.030078125,1890,0.0003,2.790587896015495e-05,-3.3338088989257812,4.631221742101843e-07
391168,1185,329,191,500.0,500.0,0.0032559773,-0.2438359424006194,-0.0012963861227035522,0.2,0.024365234375,1900,0.0003,0.0004616766877006739,-4.012415409088135,5.550796907982658e-06
393216,1197,328,192,500.0,500.0,0.0034623747,-0.25421121511608363,0.0009399284608662128,0.2,0.037109375,1910,0.0003,-0.0012516280243289658,-5.214764595031738,1.6961358244316217e-05
395264,1208,326,193,500.0,500.0,0.00242772,-0.25006779418326913,0.01372607797384262,0.2,0.018798828125,1920,0.0003,0.000572371727321297,-7.359468460083008,2.28531826849121e-06
397312,1220,325,194,500.0,500.0,0.0028442745,-0.258259737957269,-0.016983604058623314,0.2,0.03544921875,1930,0.0003,-0.0013701983902137727,-7.324176788330078,2.6372163063115294e-06
399360,1232,324,195,500.0,500.0,0.0060311444,-0.25610358444973824,-0.004001076333224773,0.2,0.045947265625,1940,0.0003,-0.0004942614876199513,-2.983196258544922,1.2754247222801495e-07
401408,1244,322,196,500.0,500.0,0.0036670645,-0.26416347846388816,-0.0019693549256771803,0.2,0.0201171875,1950,0.0003,0.00035070230660494417,-11.54569149017334,3.8828336812457565e-07
403456,1256,321,197,500.0,500.0,0.0031660227,-0.26628705514594914,0.0015296833589673042,0.2,0.036572265625,1960,0.0003,0.0005651807397953235,-3.1832075119018555,7.795913009545075e-06
405504,1268,319,198,500.0,500.0,0.0013769118,-0.25016060676425694,-0.0033231093548238277,0.2,0.015185546875,1970,0.0003,-0.001993914257036522,-2.4399802684783936,8.757395761449516e-07
407552,1281,317,199,500.0,500.0,0.0013068767,-0.2512144627049565,0.0007371623069047928,0.2,0.019873046875,1980,0.0003,-0.0013045574640273116,-5.90238094329834,7.894577228739763e-06
409600,1294,316,200,500.0,500.0,0.001680621,-0.24746328336186707,-0.000978027586825192,0.2,0.01123046875,1990,0.0003,-1.888604019768536e-05,-4.121108531951904,3.352615356959632e-05
411648,1307,314,201,500.0,500.0,0.00146611,-0.25708745974116026,0.01173613965511322,0.2,0.014013671875,2000,0.0003,-1.553300389787182e-05,-6.300196170806885,5.4861021681062996e-08
413696,1320,313,202,500.0,500.0,0.0053363256,-0.2681678045541048,0.014147932641208172,0.2,0.06162109375,2010,0.0003,-0.0025961564067984,-6.494606971740723,6.429902441595913e-08
415744,1333,311,203,500.0,500.0,0.0054461015,-0.27345763868652284,-0.015521612949669361,0.2,0.06328125,2020,0.0003,-0.0047633746115025135,-4.633300304412842,6.87852320879756e-08
417792,1347,310,204,500.0,500.0,0.0019891039,-0.2584303968120366,0.005729473661631346,0.2,0.0169921875,2030,0.0003,-0.0015799502492882312,-4.407216548919678,9.808200331917761e-08
419840,1360,308,205,500.0,500.0,0.0006837106,-0.2585223788395524,0.00824816431850195,0.2,0.007861328125,2040,0.0003,-0.00011010482703568413,-12.789716720581055,1.3303523559216045e-06
421888,1373,307,206,500.0,500.0,0.0025975946,-0.24846240864135324,0.006338258273899555,0.2,0.03359375,2050,0.0003,-0.0013134795866790228,-3.802853584289551,2.591866376633334e-07
423936,1387,305,207,500.0,500.0,0.0054374365,-0.2656153959222138,0.0006207100814208388,0.2,0.05078125,2060,0.0003,-0.0018612624946399592,-8.801815032958984,5.475399404986092e-07
425984,1400,304,208,500.0,500.0,0.005637701,-0.27838655444793403,-0.0029011911246925592,0.2,0.03505859375,2070,0.0003,-0.00035677949636010454,-8.787968635559082,2.252745043449522e-05
428032,1414,302,209,500.0,500.0,0.0027646017,-0.25846121590584514,-0.0055163269862532616,0.2,0.01845703125,2080,0.0003,-0.0020960554000339473,-4.274523735046387,4.727432326490089e-07
430080,1427,301,210,500.0,500.0,0.0019881006,-0.2790421816520393,-0.00567250931635499,0.2,0.0296875,2090,0.0003,0.00023567494354210795,-5.987446308135986,5.661478894580796e-08
432128,1441,299,211,500.0,500.0,0.0036970638,-0.26360295014455914,0.0051035271026194096,0.2,0.044482421875,2100,0.0003,-0.0024209554365370424,-3.6738333702087402,3.9251625594260986e-07
434176,1454,298,212,500.0,500.0,0.0018224485,-0.24372664745897055,-0.004167799837887287,0.2,0.025341796875,2110,0.0003,-0.002030860015656799,-6.061087608337402,4.112565244440703e-06
436224,1468,297,213,500.0,500.0,0.004317819,-0.26507815048098565,-0.0016537397168576717,0.2,0.05166015625,2120,0.0003,-0.0021749089006334542,-4.560680389404297,8.724555300432257e-08
438272,1482,295,214,500.0,500.0,0.003964055,-0.2655743858311325,-0.006510112434625626,0.2,0.05166015625,2130,0.0003,-0.0009521524363663048,-8.66077995300293,2.4270364917811094e-07
440320,1495,294,215,500.0,500.0,0.0027472063,-0.2731948750093579,-0.01656857319176197,0.2,0.043994140625,2140,0.0003,-0.0022193708093254825,-7.144376754760742,2.946493979152365e-05
442368,1509,292,216,500.0,500.0,0.00086550694,-0.2548949135933071,0.005602810997515917,0.2,0.01630859375,2150,0.0003,-0.0011808811977971345,-3.3454995155334473,5.6702432971178496e-08
444416,1523,291,217,500.0,500.0,0.0021421593,-0.2555412411689758,-0.0030452925711870193,0.2,0.0095703125,2160,0.0003,-0.00020333485299488528,-8.202493667602539,3.794382053001755e-08
446464,1537,290,218,500.0,500.0,0.0023347586,-0.26085066394880413,0.020131975412368774,0.2,0.02666015625,2170,0.0003,0.0007378033937129657,-13.637035369873047,5.5742495419508485e-08
448512,1551,289,219,500.0,500.0,0.0011679034,-0.26164690470322965,-0.0018332743784412742,0.2,0.0173828125,2180,0.0003,-0.0004684721905505285,-4.94129753112793,4.3452476177208156e-07
450560,1565,287,220,500.0,500.0,0.0020426898,-0.2512762735132128,-0.006473475601524115,0.2,0.02607421875,2190,0.0003,-0.0011936889175558462,-8.451898574829102,3.929545428604797e-05
452608,1579,286,221,500.0,500.0,0.0037979488,-0.2621269943192601,-0.0007104030228219926,0.2,0.031640625,2200,0.0003,-0.001258511639025528,-3.810966968536377,4.360357763744105e-08
454656,1593,285,222,500.0,500.0,0.0037648168,-0.2563761244062334,0.005969160236418247,0.2,0.035205078125,2210,0.0003,-0.0012043534166878088,-3.4311976432800293,5.681299910520465e-08
456704,1607,284,223,500.0,500.0,0.0049859574,-0.25955842016264796,0.002541562309488654,0.2,0.044140625,2220,0.0003,-0.0020332372121629307,-5.730206489562988,4.949922924879502e-08
458752,1622,282,224,500.0,500.0,0.0037785056,-0.2761070779059082,-0.006551505997776985,0.2,0.01826171875,2230,0.0003,-0.00046925561910029503,-6.807105541229248,2.477065606854012e-07
460800,1637,281,225,500.0,500.0,0.0025714627,-0.25137997861020267,-0.004762415308505297,0.2,0.021728515625,2240,0.0003,-0.002071276231436059,-7.819527626037598,1.287838784946871e-07
462848,1652,280,226,500.0,500.0,0.001476927,-0.27149820579215883,0.0028112251311540604,0.2,0.033935546875,2250,0.0003,-0.0009081211665034061,-8.83051872253418,2.3050963591231266e-07
464896,1666,278,227,500.0,500.0,0.0012975994,-0.2704148049931973,0.006668513175100088,0.2,0.02607421875,2260,0.0003,-0.0001480355829698965,-6.403401851654053,6.904848106614736e-07
466944,1681,277,228,500.0,500.0,0.0012872667,-0.26597159588709474,-0.0026427654083818197,0.2,0.008349609375,2270,0.0003,-0.00019215916690882296,-4.79187536239624,9.824886748788231e-06
468992,1696,276,229,500.0,500.0,0.0022825997,-0.24973620511591435,-0.001568416366353631,0.2,0.035888671875,2280,0.0003,-0.0013457773515256123,-4.962567329406738,2.409352987342572e-07
471040,1711,275,230,500.0,500.0,0.0018132278,-0.25197136397473513,-0.006620641797780991,0.2,0.015380859375,2290,0.0003,-0.0008676505152834579,-6.487977027893066,3.013380313632297e-06
473088,1726,274,231,500.0,500.0,0.0018404012,-0.24895644704811276,-0.00923195667564869,0.2,0.038330078125,2300,0.0003,-0.000999490899266675,-7.27177619934082,9.029956356698676e-06
475136,1741,272,232,500.0,500.0,0.005390846,-0.2531481263693422,0.016848985105752945,0.2,0.04912109375,2310,0.0003,-0.0003693140941322781,-0.25133371353149414,3.7064956586618793e-06
477184,1756,271,233,500.0,500.0,0.0017989671,-0.26650458863005044,-0.003925983794033527,0.2,0.037646484375,2320,0.0003,-0.0004614672638126649,-0.22469305992126465,1.3057657992021631e-05
479232,1770,270,234,500.0,500.0,0.006666202,-0.2746388176456094,8.633089601062238e-05,0.2,0.061474609375,2330,0.0003,-0.00039777599304215985,-0.3991837501525879,1.1093349570501232e-06
481280,1786,269,235,500.0,500.0,0.0061281575,-0.28283530292101206,-0.013116106390953064,0.2,0.068603515625,2340,0.0003,-0.0022735452075721696,-0.5342870950698853,1.0949978218377509e-06
483328,1801,268,236,500.0,500.0,0.0018070384,-0.27538326042704286,-0.0023023393005132675,0.2,0.015283203125,2350,0.0003,-0.0003987139119999483,-0.7522011995315552,1.2109471214216683e-06
485376,1816,267,237,500.0,500.0,0.0036884747,-0.26046139243990185,-0.0026352228596806526,0.2,0.030224609375,2360,0.0003,-0.0009690168517408893,-1.111055612564087,1.1502951792863314e-06
487424,1831,266,238,500.0,500.0,0.0012888659,-0.26311198198236524,0.0016822381876409054,0.2,0.015625,2370,0.0003,-0.00079905440506991,-0.615591287612915,1.984053344017411e-06
489472,1846,265,239,500.0,500.0,0.00086106686,-0.24925884357653558,-0.004951192997395992,0.2,0.01552734375,2380,0.0003,-0.0003089578327490017,-4.611485481262207,3.645988386438148e-05
491520,1861,264,240,500.0,500.0,0.0020365755,-0.24340559039264917,-0.005327665712684393,0.2,0.018505859375,2390,0.0003,-0.0008523230542778037,-5.152760982513428,3.900652245647507e-08
493568,1876,262,241,500.0,500.0,0.0027105196,-0.23924273517914116,0.010133514180779457,0.2,0.017138671875,2400,0.0003,-0.00019439553143456577,-4.242313385009766,7.169694811182126e-08
495616,1892,261,242,500.0,500.0,0.0014243252,-0.2471518749371171,-0.0032507770229130983,0.2,0.017431640625,2410,0.0003,-0.000429479014565004,-4.3449602127075195,5.190198635318666e-08
497664,1907,260,243,500.0,500.0,0.0012730989,-0.2389083848334849,0.03532671183347702,0.2,0.019775390625,2420,0.0003,0.0008535000320989639,-4.371078968048096,4.04894306029746e-06
499712,1923,259,244,500.0,500.0,0.0032520688,-0.24460958084091544,-0.024012494832277298,0.2,0.0388671875,2430,0.0003,-0.001467311306623742,-6.742225646972656,5.70359063090109e-07
501760,1938,258,245,500.0,500.0,0.00065850106,-0.2349997151643038,-0.0008162585436366498,0.2,0.038671875,2440,0.0003,-0.0011920838835067116,-5.928845405578613,6.516496256381287e-07
